ward_id,ward_name,city,year,median_price_sqft,crime_rate_per_1000,avg_aqi
3,Atturu,Bengaluru,2021,12637.556704612416,6.3754412876971065,76.63070028288745
3,Atturu,Bengaluru,2022,17124.47712655097,5.068434204228085,95.17956861624766
3,Atturu,Bengaluru,2023,17633.11928097889,6.969087892256616,86.24752818873077
3,Atturu,Bengaluru,2024,17253.07728506962,5.627337774419663,85.40599764129402
17,Chikkasandra,Bengaluru,2021,17765.598950895263,8.614366515698327,108.98660485247854
17,Chikkasandra,Bengaluru,2022,17664.359321260657,8.913014478589364,136.89652872840236
17,Chikkasandra,Bengaluru,2023,18025.791567511344,8.71413972912297,130.4400572319404
17,Chikkasandra,Bengaluru,2024,10496.599793387491,7.867375440976047,103.47233032828147
15,Kammagondanahalli,Bengaluru,2021,15932.325636543497,6.445806498598433,89.95275847451964
15,Kammagondanahalli,Bengaluru,2022,15217.99288749602,7.255574717286166,86.48754240944203
15,Kammagondanahalli,Bengaluru,2023,7189.121329792419,7.802425514216248,108.5804135465639
15,Kammagondanahalli,Bengaluru,2024,13469.03055288807,8.42858139385366,125.16815656665511
16,Mallasandra,Bengaluru,2021,11489.480299926843,7.22895385502219,93.72541188636832
16,Mallasandra,Bengaluru,2022,16486.374092325997,6.153639525690346,108.22848749671395
16,Mallasandra,Bengaluru,2023,11230.867331901825,6.845968696441339,85.3668528032954
16,Mallasandra,Bengaluru,2024,14309.23021789678,7.08000057867417,81.68587959382523
18,Bagalakunte,Bengaluru,2021,9840.54826901446,3.5061558038732543,71.88414215537011
18,Bagalakunte,Bengaluru,2022,7772.179667688215,4.761877881416351,74.73333702571685
18,Bagalakunte,Bengaluru,2023,15274.22632306652,3.473001185620983,42.39165989731168
18,Bagalakunte,Bengaluru,2024,13933.530434510023,4.854292782904662,53.56380213070484
19,T Dasarahalli,Bengaluru,2021,9966.945165462279,4.569525417040373,60.56662354855392
19,T Dasarahalli,Bengaluru,2022,6726.680577158646,4.659995382760944,94.05990418598404
19,T Dasarahalli,Bengaluru,2023,16416.847841127405,5.115032993088193,91.25850969773555
19,T Dasarahalli,Bengaluru,2024,8665.160269526297,3.9318892934798755,84.6517187917719
37,Peenya,Bengaluru,2021,5735.725520263139,4.43507771228089,72.7074658265978
37,Peenya,Bengaluru,2022,12574.069328335449,4.1939661398273875,82.11026528033298
37,Peenya,Bengaluru,2023,5949.302034462147,3.030712543109683,66.98109487885571
37,Peenya,Bengaluru,2024,9889.122943000026,4.496557424770313,65.39913411688119
20,Nalagadarenahalli,Bengaluru,2021,6876.890423551968,8.035587204540752,114.84759182839939
20,Nalagadarenahalli,Bengaluru,2022,18479.29723068517,6.97905984934501,100.84360570178326
20,Nalagadarenahalli,Bengaluru,2023,7404.25056116237,7.344087408074635,133.1769093011894
20,Nalagadarenahalli,Bengaluru,2024,14697.25154246579,8.34433798785788,146.5174523706477
21,Chokkasandra,Bengaluru,2021,17855.320929833233,6.809848371364604,109.2516072312187
21,Chokkasandra,Bengaluru,2022,13551.514010578143,7.006594842306782,111.83518695209949
21,Chokkasandra,Bengaluru,2023,14358.150165551264,7.231541805141759,116.12076634872349
21,Chokkasandra,Bengaluru,2024,17376.559046342823,7.189488861177016,110.02869331438256
67,Ganga Nagar,Bengaluru,2021,13905.763829016927,6.642827829794993,91.97237119611555
67,Ganga Nagar,Bengaluru,2022,7210.114688167739,8.007046252342432,121.40361339180527
67,Ganga Nagar,Bengaluru,2023,16971.293176297568,8.176850994597414,135.75302994293475
67,Ganga Nagar,Bengaluru,2024,13884.37623640745,6.83476297244559,87.31729420919832
22,Peenya Industrial Area,Bengaluru,2021,11598.278536475802,3.17790812676321,66.98268793713525
22,Peenya Industrial Area,Bengaluru,2022,13525.74131512393,4.906875401183187,57.960251917555325
22,Peenya Industrial Area,Bengaluru,2023,15752.70152684499,3.0783373370135614,35.23842574265501
22,Peenya Industrial Area,Bengaluru,2024,6735.324616825661,3.968864669674033,71.87767094366761
23,Rajagopal Nagar,Bengaluru,2021,14996.401231745944,8.775414546049545,120.98872687181016
23,Rajagopal Nagar,Bengaluru,2022,9234.930989543322,7.256466609724495,104.87068678858674
23,Rajagopal Nagar,Bengaluru,2023,9132.351565892393,9.00383843786486,121.9821980826218
23,Rajagopal Nagar,Bengaluru,2024,13112.59958713875,7.497205642314427,103.63938412548151
63,Hebbala,Bengaluru,2021,7701.128874373996,7.015010991913461,132.51926863437586
63,Hebbala,Bengaluru,2022,14180.492024238101,8.135272091335223,124.01472904350113
63,Hebbala,Bengaluru,2023,12947.582066973828,7.539974955437967,125.3597750635941
63,Hebbala,Bengaluru,2024,7129.907057766322,6.992449391546765,114.30513704006364
24,Hegganahalli,Bengaluru,2021,14858.85744510577,4.20050117762851,63.90145830253747
24,Hegganahalli,Bengaluru,2022,8882.294968075343,4.127808773156148,75.97931733655416
24,Hegganahalli,Bengaluru,2023,6630.693818670284,5.110442777114081,75.46414812686422
24,Hegganahalli,Bengaluru,2024,6266.9975165579945,4.100300594005591,53.85643885522863
25,Sunkadakatte,Bengaluru,2021,15226.226722392463,4.663517395981531,94.3478938909204
25,Sunkadakatte,Bengaluru,2022,14521.972788041689,3.917890354257025,76.23067258875278
25,Sunkadakatte,Bengaluru,2023,8716.194689377808,4.152614573797964,64.2234812525809
25,Sunkadakatte,Bengaluru,2024,6210.224932600496,4.20817600440297,72.64306319128526
26,Dodda Bidarakallu,Bengaluru,2021,11316.554525967098,4.959988216679844,93.67355796441453
26,Dodda Bidarakallu,Bengaluru,2022,16628.666086096317,4.434897741573712,90.38622961846798
26,Dodda Bidarakallu,Bengaluru,2023,7672.804520825992,3.639545895239668,78.44872962564435
26,Dodda Bidarakallu,Bengaluru,2024,9953.829407674702,3.8175078330681433,81.49050596850455
30,Nagadevanahalli,Bengaluru,2021,8629.397108156556,5.563959349929934,79.74784231596328
30,Nagadevanahalli,Bengaluru,2022,13416.828970153256,5.536447109338911,88.4898487490168
30,Nagadevanahalli,Bengaluru,2023,7422.096410780517,4.4825398533017795,91.2910691367884
30,Nagadevanahalli,Bengaluru,2024,9695.387065147623,4.677790440742399,88.68976558247248
27,Lingadheeranahalli,Bengaluru,2021,9092.347366300239,5.903924720927498,115.83027183330957
27,Lingadheeranahalli,Bengaluru,2022,8471.000856986177,7.023729583830286,105.10649114091045
27,Lingadheeranahalli,Bengaluru,2023,12455.59139845294,6.93663809321094,97.08613130954426
27,Lingadheeranahalli,Bengaluru,2024,14723.292700650643,5.5090785454214,113.8384485691826
28,Herohalli,Bengaluru,2021,11208.218270251476,5.748868347137409,88.74655148928525
28,Herohalli,Bengaluru,2022,12873.80054380429,6.526673027654946,98.60527333602118
28,Herohalli,Bengaluru,2023,12370.1248791349,4.952278565403714,80.22520519046031
28,Herohalli,Bengaluru,2024,7872.088344708739,6.0563001890342045,88.56701708986448
29,Ullalu,Bengaluru,2021,5650.59253775871,4.983653662876371,71.15541698866583
29,Ullalu,Bengaluru,2022,11763.37437542886,4.830140436647402,102.85919182974398
29,Ullalu,Bengaluru,2023,6141.5540882827545,4.540069102988087,92.33696339113149
29,Ullalu,Bengaluru,2024,10450.455768504506,5.412280342526421,59.69585991429367
35,Yeshwanthpura,Bengaluru,2021,14134.48369764765,6.123458849420351,87.88144123567108
35,Yeshwanthpura,Bengaluru,2022,9103.933657731259,5.712844908669495,84.45794984171063
35,Yeshwanthpura,Bengaluru,2023,7655.912098036861,5.964651845358166,86.06334773704737
35,Yeshwanthpura,Bengaluru,2024,9766.02787175724,6.94104408096148,113.45399432353528
31,Bande Mutt,Bengaluru,2021,10569.123702837629,4.0500620384767805,56.708756760280686
31,Bande Mutt,Bengaluru,2022,12999.98393619519,5.655281207488045,68.18769208657187
31,Bande Mutt,Bengaluru,2023,15690.182723337668,4.64122838682939,65.18270418797067
31,Bande Mutt,Bengaluru,2024,12909.315423505619,5.4042580249718855,82.72079008538472
36,Jalahalli,Bengaluru,2021,5756.957420490443,4.351250751987332,91.15993971359373
36,Jalahalli,Bengaluru,2022,8341.530123611728,4.964451890749263,89.37748727267612
36,Jalahalli,Bengaluru,2023,7517.278717014877,4.099418007204577,90.38554008916918
36,Jalahalli,Bengaluru,2024,6858.115447268238,5.5666039141175885,80.67717673622901
52,Shakthi Ganapathi Nagar,Bengaluru,2021,12672.745885706767,5.242478623650643,81.29500869620895
52,Shakthi Ganapathi Nagar,Bengaluru,2022,12953.274516913414,5.952021027746009,104.02751872492479
52,Shakthi Ganapathi Nagar,Bengaluru,2023,14338.292128596171,5.1927866027083365,82.35873982584796
52,Shakthi Ganapathi Nagar,Bengaluru,2024,9087.801452273457,6.020924403883284,81.72902440258575
32,Kengeri,Bengaluru,2021,8292.86794398631,5.864493389725803,73.75937723738477
32,Kengeri,Bengaluru,2022,9043.124044487742,6.840107548107837,101.86335803375556
32,Kengeri,Bengaluru,2023,8187.7740878379045,5.484158776259007,112.57115874914615
32,Kengeri,Bengaluru,2024,17391.327949125855,6.951236754705376,70.83147142930032
33,Hemmigepura,Bengaluru,2021,9513.859068915448,8.231591344904652,128.11731357796853
33,Hemmigepura,Bengaluru,2022,13050.824864526967,6.307765115304258,116.14087559520388
33,Hemmigepura,Bengaluru,2023,17353.193982364923,7.461519996971664,123.02533680627829
33,Hemmigepura,Bengaluru,2024,15733.540085732997,7.803964582487348,107.12058958800876
34,JP Park,Bengaluru,2021,10456.515493985773,4.760214173929678,77.74468984465457
34,JP Park,Bengaluru,2022,6073.175436287098,4.613668612838114,59.5130499104354
34,JP Park,Bengaluru,2023,14644.343150209641,5.391850733918095,62.99588033480429
34,JP Park,Bengaluru,2024,17137.995024656157,4.323104573594735,84.37946917067057
41,Kottegepalya,Bengaluru,2021,8668.697845964452,6.931190222514949,97.41999931832703
41,Kottegepalya,Bengaluru,2022,17939.14048925998,6.5596621821390135,83.26303518758546
41,Kottegepalya,Bengaluru,2023,8679.786488911846,5.780434259886057,101.4399847378952
41,Kottegepalya,Bengaluru,2024,16840.491656305057,6.536909265438073,98.8693202890215
53,Vrisabhavathi Nagar,Bengaluru,2021,11033.02073320224,7.845772292639845,120.75097923425366
53,Vrisabhavathi Nagar,Bengaluru,2022,16427.292640404983,6.872459571016687,96.19869823313743
53,Vrisabhavathi Nagar,Bengaluru,2023,9534.84528547964,6.622185241546463,104.07353161307579
53,Vrisabhavathi Nagar,Bengaluru,2024,14891.905313148578,7.639347589448206,112.79776575314438
70,Kushal Nagar,Bengaluru,2021,15104.384821277297,4.62639038543066,77.2097632150982
70,Kushal Nagar,Bengaluru,2022,4995.578822958721,3.5081344332317195,68.52632240382388
70,Kushal Nagar,Bengaluru,2023,14356.177237021175,4.2299188271663875,81.5943528674576
70,Kushal Nagar,Bengaluru,2024,6138.120483921625,4.338063301071005,59.09710848142919
42,Srigandhadakaval,Bengaluru,2021,10736.186843831942,7.54695176539455,88.1203724716266
42,Srigandhadakaval,Bengaluru,2022,15526.592026810245,5.946351418948975,119.54216654671617
42,Srigandhadakaval,Bengaluru,2023,9412.789370387629,5.302785853073268,85.94054111195845
42,Srigandhadakaval,Bengaluru,2024,7604.110714247205,7.083438938186131,106.27856110054816
54,Mattikere,Bengaluru,2021,10510.65673244723,5.256880287229796,64.01454659493231
54,Mattikere,Bengaluru,2022,8010.198700429448,4.701073300182486,63.42795166954362
54,Mattikere,Bengaluru,2023,15572.724335205992,4.601826290229094,58.5610750597291
54,Mattikere,Bengaluru,2024,16572.15187848052,5.585799098672658,91.17457640602825
55,Malleswaram,Bengaluru,2021,7610.987961881288,5.0024570649068485,65.3092430623822
55,Malleswaram,Bengaluru,2022,5281.609836484805,3.412744589325463,67.95361381377586
55,Malleswaram,Bengaluru,2023,14290.801394834356,3.650166169041687,57.07493340569531
55,Malleswaram,Bengaluru,2024,12334.044308708486,3.793364888297773,39.70712293554959
43,Malathalli,Bengaluru,2021,7634.66224958845,8.591747255157932,105.02643645662482
43,Malathalli,Bengaluru,2022,8934.072694506347,7.642409967198214,101.20066015386303
43,Malathalli,Bengaluru,2023,15446.002612398195,8.147413257061674,127.40969906152654
43,Malathalli,Bengaluru,2024,13891.585534537879,9.069127905650943,143.1920743589319
44,Jnana Bharathi ward,Bengaluru,2021,10296.559767520763,8.567278487834612,136.40062506581376
44,Jnana Bharathi ward,Bengaluru,2022,14906.937720484866,8.748455962133109,107.43796186534257
44,Jnana Bharathi ward,Bengaluru,2023,9566.27934379407,8.45426696716392,135.01717800158173
44,Jnana Bharathi ward,Bengaluru,2024,16175.264450033177,7.669969209225162,106.76294846826342
45,Rajarajeshwari Nagar,Bengaluru,2021,12045.025730761161,7.255151386066077,107.64596534888936
45,Rajarajeshwari Nagar,Bengaluru,2022,17879.883010869897,7.836383609788617,134.7497316177629
45,Rajarajeshwari Nagar,Bengaluru,2023,8830.422434207776,7.594383422656708,116.14696373710957
45,Rajarajeshwari Nagar,Bengaluru,2024,12031.328755755963,8.318121579531233,96.27393374364635
51,Shankar Matt,Bengaluru,2021,13573.629632100436,5.10404605400939,84.96647804271961
51,Shankar Matt,Bengaluru,2022,7635.070873802921,5.742898276878065,61.32859511489869
51,Shankar Matt,Bengaluru,2023,7699.770849729492,5.064542262698758,95.65779011226022
51,Shankar Matt,Bengaluru,2024,12543.442961545268,4.111724031435571,86.2138083414811
71,Muneshwara Nagar,Bengaluru,2021,5876.020384793109,4.219478213615523,54.653319776027544
71,Muneshwara Nagar,Bengaluru,2022,16870.37868902554,3.966032483605625,80.44889219433705
71,Muneshwara Nagar,Bengaluru,2023,11318.480567815428,3.9145231713335917,93.90117848601736
71,Muneshwara Nagar,Bengaluru,2024,16942.13893857466,3.8856912800874577,47.94464310289298
56,Aramane Nagara,Bengaluru,2021,17671.845301235342,7.018153571544378,97.56299989511757
56,Aramane Nagara,Bengaluru,2022,14905.46933617591,7.256646175611206,114.23757552296989
56,Aramane Nagara,Bengaluru,2023,18620.745711788975,6.686912309877387,115.98327623669886
56,Aramane Nagara,Bengaluru,2024,16855.817064698807,7.5816090266078975,95.21976810500811
57,Rajamahal Guttahalli,Bengaluru,2021,15756.423865839879,5.538892866605718,95.8141005025499
57,Rajamahal Guttahalli,Bengaluru,2022,10463.144853843556,5.689873473120514,61.77256888039769
57,Rajamahal Guttahalli,Bengaluru,2023,13398.574074340742,5.404468106199393,83.23702829008137
57,Rajamahal Guttahalli,Bengaluru,2024,10534.437558244674,5.703751825987238,105.5127182151638
60,Gayithri Nagar,Bengaluru,2021,16690.28177030842,4.60833957615307,68.2320371681856
60,Gayithri Nagar,Bengaluru,2022,5756.911003213663,3.458960610844959,38.85139896618439
60,Gayithri Nagar,Bengaluru,2023,15128.11481579547,4.686853458086288,56.81805853432003
60,Gayithri Nagar,Bengaluru,2024,7467.958861154544,4.210948731788767,73.7900202511427
61,Radhakrishna Temple Ward,Bengaluru,2021,17759.829477583808,5.772290644856953,97.2735615070032
61,Radhakrishna Temple Ward,Bengaluru,2022,15936.187184231803,6.823826841770958,95.43782053034138
61,Radhakrishna Temple Ward,Bengaluru,2023,10547.30783105718,6.068662102746989,86.22955617860706
61,Radhakrishna Temple Ward,Bengaluru,2024,13468.895223356476,6.526217684962922,79.34377141679408
66,Chamundi Nagara,Bengaluru,2021,5336.921044433893,4.279732950106661,46.65837970485454
66,Chamundi Nagara,Bengaluru,2022,17001.78616530952,4.510907917639311,66.55218125405938
66,Chamundi Nagara,Bengaluru,2023,6436.325522237111,4.1814772056704035,52.562166028321386
66,Chamundi Nagara,Bengaluru,2024,7181.836893826239,4.207535628660131,59.910281181328145
68,Jayachamarajendra  Nagar,Bengaluru,2021,9762.201668660215,7.3686261759240175,112.20453433448779
68,Jayachamarajendra  Nagar,Bengaluru,2022,18995.649196633527,8.892111899081945,128.76878746650917
68,Jayachamarajendra  Nagar,Bengaluru,2023,9230.525807893864,8.369347833943946,134.18598794882456
68,Jayachamarajendra  Nagar,Bengaluru,2024,15119.914043934208,7.683814077493299,125.84144630391641
69,Kaval Bairasandra,Bengaluru,2021,12209.465502361616,6.31431551694871,69.95829185334249
69,Kaval Bairasandra,Bengaluru,2022,15137.60865783288,5.548459166120582,88.15950413377166
69,Kaval Bairasandra,Bengaluru,2023,12332.254196020041,4.445575375992577,71.73959524168558
69,Kaval Bairasandra,Bengaluru,2024,17390.913291808803,4.763997262006667,72.1746277405891
74,Sagayarapuram,Bengaluru,2021,17083.067899958412,6.749796266052687,129.36841321904646
74,Sagayarapuram,Bengaluru,2022,10796.834558308696,7.867336552324665,100.51969645506995
74,Sagayarapuram,Bengaluru,2023,14003.515493238145,7.7389046351434985,126.36603257033875
74,Sagayarapuram,Bengaluru,2024,6932.822923641801,6.595837335016739,108.80787464829362
75,Pulikeshinagar,Bengaluru,2021,10793.073329373507,5.964096354735521,77.79682108863334
75,Pulikeshinagar,Bengaluru,2022,14873.321296153325,5.290017156044506,62.347186112893375
75,Pulikeshinagar,Bengaluru,2023,7388.242557332189,4.478827857182622,102.70648826521455
75,Pulikeshinagar,Bengaluru,2024,15279.685624984615,4.630635076959969,57.40833322285077
86,Challakere,Bengaluru,2021,11625.17855262145,6.068032775104384,102.40819563609112
86,Challakere,Bengaluru,2022,11011.312281717594,5.770447308875493,86.65976797061542
86,Challakere,Bengaluru,2023,6306.274419194455,5.3600348005815865,84.01634809755862
86,Challakere,Bengaluru,2024,11493.281791169375,7.033255062719798,104.79178332822988
89,Vijinapura,Bengaluru,2021,10912.936091641419,6.000718501352864,101.53915126274563
89,Vijinapura,Bengaluru,2022,14434.952740845903,6.2735660724267674,108.14583250688946
89,Vijinapura,Bengaluru,2023,14111.146757019469,5.907140625192253,111.30621179066877
89,Vijinapura,Bengaluru,2024,12574.32004862774,7.128653362085709,107.95672128047218
80,Kacharkanahalli,Bengaluru,2021,16984.053194130374,4.095418630277993,56.49673315815951
80,Kacharkanahalli,Bengaluru,2022,7623.988728670951,4.775856226328006,66.88440229780267
80,Kacharkanahalli,Bengaluru,2023,8760.457679518178,4.750846138980946,78.35038029365215
80,Kacharkanahalli,Bengaluru,2024,13277.385141345072,5.350395335411533,71.20330674992539
93,Devasandra,Bengaluru,2021,14185.788377581794,7.477335405052945,146.98348936459234
93,Devasandra,Bengaluru,2022,11771.606288235183,9.23474358055032,136.20959739546834
93,Devasandra,Bengaluru,2023,17790.70265645359,8.174017687273615,129.5103968305243
93,Devasandra,Bengaluru,2024,16314.9739637532,8.08075521607404,141.8517368175236
87,Horamavu,Bengaluru,2021,18540.355475493678,8.132634308179277,122.01163850825992
87,Horamavu,Bengaluru,2022,13032.975201233015,7.0118332432161585,103.7989532821567
87,Horamavu,Bengaluru,2023,15181.023991169197,8.294403822668718,119.3326852441764
87,Horamavu,Bengaluru,2024,15648.25089184897,8.13400332894432,129.67177848172946
81,Kammanahalli,Bengaluru,2021,14751.602997316255,7.917911387562647,126.3605720395812
81,Kammanahalli,Bengaluru,2022,15906.690378601921,7.626539109025747,131.5071798766569
81,Kammanahalli,Bengaluru,2023,18921.12495012901,8.84637275744285,113.01072076665514
81,Kammanahalli,Bengaluru,2024,15395.445141734532,7.993276029454785,131.43401373230864
94,A. Narayanapura,Bengaluru,2021,14472.87698112708,7.769120015448381,106.44630557779159
94,A. Narayanapura,Bengaluru,2022,10033.636977242268,7.751544246263652,116.64045652928941
94,A. Narayanapura,Bengaluru,2023,16639.26581962112,8.348283851631392,106.24420986761214
94,A. Narayanapura,Bengaluru,2024,14200.69959544788,7.924390129277011,104.79524570227322
82,Banasavadi,Bengaluru,2021,7883.140800525184,7.922908041674972,123.3832951937962
82,Banasavadi,Bengaluru,2022,10314.362862076272,7.280059365617406,93.77930475217954
82,Banasavadi,Bengaluru,2023,9219.93441298026,5.265130140964659,108.17756616313902
82,Banasavadi,Bengaluru,2024,7911.863027685735,7.365667218358022,114.69011126646366
76,Hennur,Bengaluru,2021,14187.21957941227,8.184914185308683,115.77628542640576
76,Hennur,Bengaluru,2022,10032.362274771727,8.286538311939804,123.81980413024696
76,Hennur,Bengaluru,2023,7732.100319110636,8.707922017718099,107.16077184336817
76,Hennur,Bengaluru,2024,11236.122540744816,7.203232451643976,102.3594729246521
96,HAL Airport,Bengaluru,2021,10424.544631350393,3.84169639847189,79.34127995171517
96,HAL Airport,Bengaluru,2022,10646.376865357879,4.620015980157149,84.03397982531143
96,HAL Airport,Bengaluru,2023,15642.503488526243,5.087276134258109,66.28111057688447
96,HAL Airport,Bengaluru,2024,11752.178131869834,4.5062208702648965,49.556184946857236
78,HBR Layout,Bengaluru,2021,10779.370845323752,4.380249509690245,66.26605632034608
78,HBR Layout,Bengaluru,2022,6020.323141886553,5.09563535677257,73.94976046037067
78,HBR Layout,Bengaluru,2023,8042.675829943643,4.570928644542135,66.66095377401453
78,HBR Layout,Bengaluru,2024,5955.885534225815,6.0189166689412525,95.57232351264322
77,Nagavara,Bengaluru,2021,14749.601622881662,3.6965901449825793,74.94582013413891
77,Nagavara,Bengaluru,2022,11973.091794376383,4.6351665094556385,82.16059153961126
77,Nagavara,Bengaluru,2023,14688.188814082914,4.933933536879514,60.39024953452635
77,Nagavara,Bengaluru,2024,7220.840309438787,4.734642991162454,78.58071362193371
79,Kadugondanahalli,Bengaluru,2021,15572.230524519702,6.166561303092483,72.21433572164067
79,Kadugondanahalli,Bengaluru,2022,16317.729730661391,6.403446492529669,78.3371429975494
79,Kadugondanahalli,Bengaluru,2023,6648.6171038940065,4.715942987920264,58.93948104423872
79,Kadugondanahalli,Bengaluru,2024,11501.756276581302,5.070306866970216,101.55021207369815
83,Subbayyanapalya,Bengaluru,2021,14579.51059462594,5.989215095659568,84.66119245934199
83,Subbayyanapalya,Bengaluru,2022,13851.284026735466,5.2763009733578174,79.41972531867877
83,Subbayyanapalya,Bengaluru,2023,14049.118930445758,5.574726264300409,103.41478545503068
83,Subbayyanapalya,Bengaluru,2024,9138.388970970109,5.946806212406563,64.24612895282377
84,Lingarajapura,Bengaluru,2021,13519.929762896016,5.752253700060901,81.02875218714597
84,Lingarajapura,Bengaluru,2022,13878.475473585517,6.401784425957118,96.86354686555384
84,Lingarajapura,Bengaluru,2023,17362.359579109398,4.503490212389933,76.84016858073372
84,Lingarajapura,Bengaluru,2024,8922.514383697197,4.676888092932737,51.86797892734595
85,Maruthi Seva Nagar,Bengaluru,2021,17022.780454719963,8.648012760021166,135.82213925027867
85,Maruthi Seva Nagar,Bengaluru,2022,6904.268430127084,8.256347668730866,95.22871741251633
85,Maruthi Seva Nagar,Bengaluru,2023,17683.78332062794,7.300617278168187,119.89738814312194
85,Maruthi Seva Nagar,Bengaluru,2024,16575.730677189713,8.417192032027677,125.41871063845522
125,Okalipuram,Bengaluru,2021,12757.772216550346,5.305673907014615,99.39559178132349
125,Okalipuram,Bengaluru,2022,11819.517704650854,4.408037536827432,96.73805138235743
125,Okalipuram,Bengaluru,2023,13052.98363484612,5.1697105560243815,80.09407894527416
125,Okalipuram,Bengaluru,2024,11720.353585061743,5.920091847825792,95.16898263704535
101,Dodda Nekkundi,Bengaluru,2021,8760.913746671507,6.317491658311093,85.7757412917563
101,Dodda Nekkundi,Bengaluru,2022,11347.521890744167,5.071045096811379,56.44506934958255
101,Dodda Nekkundi,Bengaluru,2023,8108.9772123880975,5.181863148483143,64.53528979319293
101,Dodda Nekkundi,Bengaluru,2024,16581.507961240815,4.016978164355417,64.76262906165434
128,Chickpete,Bengaluru,2021,12092.13267180608,5.513332949040854,100.3552044570407
128,Chickpete,Bengaluru,2022,17213.52760080055,7.630024818241925,83.08287749906593
128,Chickpete,Bengaluru,2023,13964.898951540372,6.871975446860382,91.26424758400981
128,Chickpete,Bengaluru,2024,11471.471985293614,5.508482196321664,70.07762785046302
108,Cox Town,Bengaluru,2021,16552.314556500773,3.745262035117735,63.90083107064662
108,Cox Town,Bengaluru,2022,12752.247449692502,5.160071572454476,65.82737447434411
108,Cox Town,Bengaluru,2023,5644.408131697237,5.455803716784965,58.04299282595772
108,Cox Town,Bengaluru,2024,9396.104874328934,4.146274687822384,67.71292130860321
113,Hoysala Nagar,Bengaluru,2021,10595.291935809866,8.143643198126506,133.1380948486852
113,Hoysala Nagar,Bengaluru,2022,10775.837606510651,7.791710606117135,131.91018892303543
113,Hoysala Nagar,Bengaluru,2023,12012.394641540137,7.434430006862548,119.92961490581986
113,Hoysala Nagar,Bengaluru,2024,10713.490277713043,8.032674627842704,101.85169409532989
114,Jeevanbhima Nagar,Bengaluru,2021,16810.026486570412,3.7264475751970845,50.11263405895201
114,Jeevanbhima Nagar,Bengaluru,2022,9755.220314707145,4.666027989315558,48.16707630735248
114,Jeevanbhima Nagar,Bengaluru,2023,8408.174218238795,2.936385490972567,53.07651283461733
114,Jeevanbhima Nagar,Bengaluru,2024,17175.938498313295,3.9678389999765002,91.54976349662111
139,Mudalapalya,Bengaluru,2021,13759.23615055667,9.15166762333626,118.46763505842502
139,Mudalapalya,Bengaluru,2022,7933.118999944465,9.006499652322072,142.25468869387632
139,Mudalapalya,Bengaluru,2023,12470.244587194955,7.823934577798608,145.24037026704394
139,Mudalapalya,Bengaluru,2024,14731.538525956705,8.545021199708293,124.08842907129545
115,Konena Agrahara,Bengaluru,2021,17501.6621160756,6.966689056186029,86.92188252495134
115,Konena Agrahara,Bengaluru,2022,10157.833167661716,7.76401795482159,132.10728264350877
115,Konena Agrahara,Bengaluru,2023,13990.874287002413,8.740276230503943,101.9786992660274
115,Konena Agrahara,Bengaluru,2024,13602.564035674855,6.921998480806301,96.90150964519233
116,Ramaswamypalya,Bengaluru,2021,8035.593042604998,6.2212763996951885,74.73825507374669
116,Ramaswamypalya,Bengaluru,2022,10631.571053039765,5.211408711124242,64.81401340671962
116,Ramaswamypalya,Bengaluru,2023,13762.7157063993,5.157838078094429,92.75701314147403
116,Ramaswamypalya,Bengaluru,2024,5370.687269517576,4.127446873055261,61.572034088444084
117,Vasanthnagar,Bengaluru,2021,14147.048774811325,4.876312980452981,82.62117421628311
117,Vasanthnagar,Bengaluru,2022,5897.106474814674,4.174555658870988,67.11702241019958
117,Vasanthnagar,Bengaluru,2023,14705.061188472377,3.1677760060666325,56.02659644731072
117,Vasanthnagar,Bengaluru,2024,14770.455310399324,3.6171705035365593,87.5682476234368
120,Bharathi Nagar,Bengaluru,2021,16580.12437221934,6.977114928241399,98.93052617125741
120,Bharathi Nagar,Bengaluru,2022,18797.17562293701,7.90900987073374,139.75706232114146
120,Bharathi Nagar,Bengaluru,2023,13916.912223487296,7.488697692317229,123.24782793092575
120,Bharathi Nagar,Bengaluru,2024,13527.19175431275,6.937911903289183,125.13317931759543
121,Ulsoor,Bengaluru,2021,14155.206332513353,6.486779862303852,120.40599586251652
121,Ulsoor,Bengaluru,2022,14851.312890537185,7.232480550389581,92.81925701880795
121,Ulsoor,Bengaluru,2023,10694.580860073205,7.422224653648147,78.82511155367837
121,Ulsoor,Bengaluru,2024,11003.442314407715,7.636675138019912,95.86942629681347
122,Dattatreya Temple,Bengaluru,2021,6924.664572140984,6.923189721725698,124.5850270827642
122,Dattatreya Temple,Bengaluru,2022,10050.36917613914,7.373577446200281,111.69962378499393
122,Dattatreya Temple,Bengaluru,2023,11635.698221454106,7.449544905125172,109.77517264294573
122,Dattatreya Temple,Bengaluru,2024,16485.27457246895,6.655997309354065,102.66530060907186
123,Gandhinagar,Bengaluru,2021,14203.557747635998,7.24505267060397,124.39687511575559
123,Gandhinagar,Bengaluru,2022,15191.491618220707,6.539219844960936,115.81405978635628
123,Gandhinagar,Bengaluru,2023,9796.078038226062,7.950361840253159,97.98240936566324
123,Gandhinagar,Bengaluru,2024,12817.473406283834,6.835583563138859,111.6521839776714
124,Subhash Nagar,Bengaluru,2021,13249.252549536577,4.299366036882463,67.8432855716298
124,Subhash Nagar,Bengaluru,2022,14314.430936445297,4.693047547025816,74.45743854522954
124,Subhash Nagar,Bengaluru,2023,9497.325353103603,3.8807709284094423,59.05657453566161
124,Subhash Nagar,Bengaluru,2024,15885.19736995294,3.207647479140674,54.06512715608167
126,Binnipete,Bengaluru,2021,8907.390715610221,6.4570464388898134,86.55422203137852
126,Binnipete,Bengaluru,2022,17694.521242850362,6.092061661352816,82.77903500029902
126,Binnipete,Bengaluru,2023,13297.752754416706,6.583114811755903,65.76589849649613
126,Binnipete,Bengaluru,2024,9066.06856801226,6.051014433037253,72.5295864444174
127,Cottonpete,Bengaluru,2021,6950.938019526291,5.201574662621275,56.07174740057333
127,Cottonpete,Bengaluru,2022,11021.86903317399,4.291095939093327,58.08408952299384
127,Cottonpete,Bengaluru,2023,5877.314862015157,3.853509536545321,60.377138186128015
127,Cottonpete,Bengaluru,2024,15338.999334297625,4.078243825167021,49.720754158605345
141,Nagarabhavi,Bengaluru,2021,13647.44862818385,8.547196497783615,100.7507949017625
141,Nagarabhavi,Bengaluru,2022,16332.894995268729,7.5174989709475035,118.86285008628927
141,Nagarabhavi,Bengaluru,2023,12868.733382725535,9.179267395860233,145.084065351542
141,Nagarabhavi,Bengaluru,2024,13037.896270337389,7.596977223450342,127.86213213688255
144,Kempapura Agrahara,Bengaluru,2021,10018.512219664643,5.335021625658704,88.32049079115234
144,Kempapura Agrahara,Bengaluru,2022,7998.473313340566,7.610606544865388,89.08622238397689
144,Kempapura Agrahara,Bengaluru,2023,11006.36148957035,6.389399760637492,117.78479375401989
144,Kempapura Agrahara,Bengaluru,2024,13298.44161803773,7.895959408361851,126.17838491368018
154,Rayapuram,Bengaluru,2021,8324.043182237005,5.660881720777548,68.53224468063473
154,Rayapuram,Bengaluru,2022,10753.355814806488,4.100008711745442,60.804545872201075
154,Rayapuram,Bengaluru,2023,16495.26370309088,5.602526716958913,95.18188061667527
154,Rayapuram,Bengaluru,2024,9683.020941703442,5.969220111807999,80.06244458546297
148,New Guddadahalli,Bengaluru,2021,15051.064361048542,4.055194396328752,50.317764501410096
148,New Guddadahalli,Bengaluru,2022,11780.053884930916,4.286220570428832,78.04039014928513
148,New Guddadahalli,Bengaluru,2023,11304.364674355618,3.9189413735324976,40.21797410780748
148,New Guddadahalli,Bengaluru,2024,13672.461027199995,4.786803322232744,45.28534485055641
149,Gali Anjaneya Temple Ward,Bengaluru,2021,9836.674582036256,5.314852914089856,95.33111284395049
149,Gali Anjaneya Temple Ward,Bengaluru,2022,14857.000006594466,6.245600713830266,69.85325526133201
149,Gali Anjaneya Temple Ward,Bengaluru,2023,15013.888433480888,5.473891316737679,86.63487617235546
149,Gali Anjaneya Temple Ward,Bengaluru,2024,14849.660004380468,6.387636799629782,61.656901842829
155,Devaraj Urs Nagar,Bengaluru,2021,14104.840085413389,5.093549841600371,76.38768869940006
155,Devaraj Urs Nagar,Bengaluru,2022,8055.407781944645,6.267030135126632,90.13241062040005
155,Devaraj Urs Nagar,Bengaluru,2023,17019.42145598485,4.979887809904935,101.16364959799006
155,Devaraj Urs Nagar,Bengaluru,2024,15797.75978361749,5.220619121742512,66.73034569196244
150,Attiguppe,Bengaluru,2021,12954.486685921847,7.202045345233464,123.08125672730299
150,Attiguppe,Bengaluru,2022,13507.61644751126,6.853600521093357,116.46974809036527
150,Attiguppe,Bengaluru,2023,14662.326672762403,6.443211541669439,124.13503141856984
150,Attiguppe,Bengaluru,2024,14878.193628561843,7.0808449972976595,119.31797247800486
151,Deepanjali Nagar,Bengaluru,2021,15002.81081719246,6.5185617503729,86.75613911023834
151,Deepanjali Nagar,Bengaluru,2022,7065.7958770967525,5.910242407292246,114.37223301186975
151,Deepanjali Nagar,Bengaluru,2023,15382.742414415456,7.631826833499881,107.52199290010421
151,Deepanjali Nagar,Bengaluru,2024,8387.566943472335,6.026087070831043,86.99008266073767
152,Avalahalli,Bengaluru,2021,12002.915486136055,7.689740896458142,122.6090534113198
152,Avalahalli,Bengaluru,2022,14122.013209088556,7.16739948216571,115.58779046143168
152,Avalahalli,Bengaluru,2023,14566.776245753477,6.720604036366571,133.85559706792702
152,Avalahalli,Bengaluru,2024,10634.818415289285,6.790080737879961,137.3235821672164
156,Chalavadipalya,Bengaluru,2021,14786.45444851393,6.091399982398244,104.91525476741867
156,Chalavadipalya,Bengaluru,2022,13249.09317568043,5.9132262563292315,101.56077902080125
156,Chalavadipalya,Bengaluru,2023,17663.117804471512,5.7785771946941615,108.7621762148975
156,Chalavadipalya,Bengaluru,2024,8967.969837916145,4.743500148556093,82.91412962999327
157,K R Market,Bengaluru,2021,13804.921393402004,4.91947306142897,44.99609865705121
157,K R Market,Bengaluru,2022,8314.45873297074,3.5281062659877365,78.92963599526371
157,K R Market,Bengaluru,2023,16560.755460622568,3.4107864684879363,62.438331401890586
157,K R Market,Bengaluru,2024,14352.910894297958,5.486846577556708,87.68426033536028
158,Chamrajapet,Bengaluru,2021,9950.001640515075,7.490416984191263,92.29342640787357
158,Chamrajapet,Bengaluru,2022,15004.555194611865,7.868742640726396,113.66159407500848
158,Chamrajapet,Bengaluru,2023,11895.63489217994,7.022293905836307,113.77754774906191
158,Chamrajapet,Bengaluru,2024,15539.046172545295,6.333607026947113,101.09112898753315
159,Azad Nagar,Bengaluru,2021,14637.234505943634,7.643551201200708,99.20870349161581
159,Azad Nagar,Bengaluru,2022,13082.67958182645,8.43347470180187,125.409393903645
159,Azad Nagar,Bengaluru,2023,18163.32347085793,7.172858483997932,105.3068101479753
159,Azad Nagar,Bengaluru,2024,13265.591907400301,6.95912515839219,109.00766581607935
225,Kudlu,Bengaluru,2021,11534.967145803745,5.916605997488059,114.07995262678106
225,Kudlu,Bengaluru,2022,8301.560953754568,5.957024956317643,107.35845594754319
225,Kudlu,Bengaluru,2023,8002.84788572355,6.465218759988864,100.8741400718541
225,Kudlu,Bengaluru,2024,9402.529232017472,6.399676607449242,97.19125358546287
160,Dharmaraya Swamy Temple,Bengaluru,2021,11502.843476790184,6.80915020727544,93.44541872699466
160,Dharmaraya Swamy Temple,Bengaluru,2022,17145.471916845447,7.480106650901831,119.81379096500986
160,Dharmaraya Swamy Temple,Bengaluru,2023,15105.269379799378,7.665779363845866,96.7043273632598
160,Dharmaraya Swamy Temple,Bengaluru,2024,16100.899574689593,6.95932317000773,125.43943134732021
161,Silver Jublee Park,Bengaluru,2021,14576.886993236123,5.739636131908266,89.59741462156812
161,Silver Jublee Park,Bengaluru,2022,11544.397747844729,6.929972189401835,108.3285280753413
161,Silver Jublee Park,Bengaluru,2023,16774.04953257634,6.615470419166143,105.79803015540352
161,Silver Jublee Park,Bengaluru,2024,13742.592552493825,5.059500150187898,105.86406428303806
162,Sunkenahalli,Bengaluru,2021,8604.537488253958,5.677341011726842,102.56770185561271
162,Sunkenahalli,Bengaluru,2022,14606.59699600242,5.947884814024237,73.63438949515526
162,Sunkenahalli,Bengaluru,2023,12511.360662970666,5.2959962132569025,95.185714189431
162,Sunkenahalli,Bengaluru,2024,7643.274747319802,6.451791157060416,92.54852731784007
177,Lakkasandra,Bengaluru,2021,16946.287892400458,6.336039626097104,102.32777426385636
177,Lakkasandra,Bengaluru,2022,11778.379593281928,6.3769605157579985,99.67572172291523
177,Lakkasandra,Bengaluru,2023,16964.228013888194,5.682217091204304,78.70641354217767
177,Lakkasandra,Bengaluru,2024,15520.394521172519,5.306834990982839,69.92863856242221
163,Vishveshwara Puram,Bengaluru,2021,7234.285075743161,4.271049954688993,47.677770957720504
163,Vishveshwara Puram,Bengaluru,2022,14284.729485790458,3.746458255238011,68.92405240536937
163,Vishveshwara Puram,Bengaluru,2023,5305.171084513909,2.978878370009719,65.98432442254257
163,Vishveshwara Puram,Bengaluru,2024,15904.204188683267,3.980365209386737,69.9837502750305
167,Ashok Nagar,Bengaluru,2021,5962.471987524223,5.112723831212554,86.98912590491932
167,Ashok Nagar,Bengaluru,2022,7938.1725022281835,5.078214582358122,53.405206598539095
167,Ashok Nagar,Bengaluru,2023,8766.266994689033,3.848245284318742,43.74156386724616
167,Ashok Nagar,Bengaluru,2024,15365.36224744912,4.103889787580211,47.74496647768267
164,Hombegowda Nagar,Bengaluru,2021,14211.24077263612,4.387748237051888,69.52199519955303
164,Hombegowda Nagar,Bengaluru,2022,9144.725907786604,4.498519141107295,56.27124834175207
164,Hombegowda Nagar,Bengaluru,2023,12202.453029379618,3.5923805989517215,84.84003195462974
164,Hombegowda Nagar,Bengaluru,2024,10851.703020876328,3.6043080176845237,63.28707358622151
165,B Venkata Reddy Nagar,Bengaluru,2021,8679.63753708981,7.449002439021453,112.50971546316421
165,B Venkata Reddy Nagar,Bengaluru,2022,13850.862099960179,6.979329979724888,113.58401656600552
165,B Venkata Reddy Nagar,Bengaluru,2023,8376.035724285022,7.739796370286418,119.5787883717395
165,B Venkata Reddy Nagar,Bengaluru,2024,6849.152226260379,6.490479132220992,123.00564930311941
166,Shanthi Nagar,Bengaluru,2021,16024.9305058048,4.507067815191144,84.87716888425626
166,Shanthi Nagar,Bengaluru,2022,16668.738064569523,5.194002520062597,97.69460411203065
166,Shanthi Nagar,Bengaluru,2023,17472.73382596991,6.4839976867717715,81.48391501532117
166,Shanthi Nagar,Bengaluru,2024,8618.177235509722,6.436670664607249,105.68207274625485
168,Nilasandra,Bengaluru,2021,17741.975243879115,5.794799656196027,75.90914462613037
168,Nilasandra,Bengaluru,2022,9191.711030575727,5.7850455600743835,106.84782282564946
168,Nilasandra,Bengaluru,2023,16447.850991655207,6.49187627500651,72.47373578060106
168,Nilasandra,Bengaluru,2024,12940.135725343724,5.108967092620985,88.45661109936955
169,Vannarpet,Bengaluru,2021,10722.340563042486,7.377715465083682,126.92330024466344
169,Vannarpet,Bengaluru,2022,16527.80659974746,7.520387797847509,122.43378252911646
169,Vannarpet,Bengaluru,2023,9565.124259786608,8.074003099770549,128.40480333625976
169,Vannarpet,Bengaluru,2024,11918.378446457686,8.556724573746093,120.76723323500849
170,Jogupalya,Bengaluru,2021,12287.751883596793,4.858027959247675,86.06083519309323
170,Jogupalya,Bengaluru,2022,7295.247269393731,5.180378421932365,84.53047865343497
170,Jogupalya,Bengaluru,2023,16721.8316063781,4.563233158776061,67.92932456031784
170,Jogupalya,Bengaluru,2024,12477.289709395818,5.734262496389324,67.81117386768462
171,Domlur,Bengaluru,2021,9091.949435460945,6.783696779443374,78.25820138321143
171,Domlur,Bengaluru,2022,11304.868385140078,4.611277281700945,100.82966403832347
171,Domlur,Bengaluru,2023,8706.731114492914,4.885495593523148,84.8450099498083
171,Domlur,Bengaluru,2024,13290.507139329728,6.191295814008289,92.31083916538748
175,Jakkasandra,Bengaluru,2021,11034.707586718196,8.438435614858253,113.8970240361966
175,Jakkasandra,Bengaluru,2022,13319.199983448103,7.64081916198568,129.63567048819817
175,Jakkasandra,Bengaluru,2023,15364.25881051758,8.016519526652662,94.80296236241401
175,Jakkasandra,Bengaluru,2024,15515.02235223315,7.228212123416511,95.32083560852452
195,Hosakerehalli,Bengaluru,2021,6121.521286769012,5.20062088084161,57.98817024347096
195,Hosakerehalli,Bengaluru,2022,16812.281510021123,5.20246435220906,69.34431214871776
195,Hosakerehalli,Bengaluru,2023,16964.66738050953,6.063869826931727,67.40923310550497
195,Hosakerehalli,Bengaluru,2024,14182.1773818673,5.892580814287051,71.20261352374752
203,Subrahmanyapura,Bengaluru,2021,9355.189993721413,5.449316827353098,58.571061637058115
203,Subrahmanyapura,Bengaluru,2022,7293.98256271735,5.551950411540187,56.07270900751129
203,Subrahmanyapura,Bengaluru,2023,13163.77480582236,3.742566970368438,87.68777359062966
203,Subrahmanyapura,Bengaluru,2024,5381.328912227597,5.105322896603437,72.46890103898815
204,Vasanthpura,Bengaluru,2021,9274.701325834041,5.343376003134335,71.24881922932599
204,Vasanthpura,Bengaluru,2022,7186.161797098154,5.038203713399958,68.50150275111852
204,Vasanthpura,Bengaluru,2023,7742.2700416999705,5.601717213885461,73.53965120302243
204,Vasanthpura,Bengaluru,2024,15312.004513923517,5.0138559768119135,91.91555568788945
206,Konanakunte,Bengaluru,2021,15007.81893061462,5.1061620480166985,89.80890676950881
206,Konanakunte,Bengaluru,2022,12303.143709394502,4.483665073008573,63.328431078657516
206,Konanakunte,Bengaluru,2023,9038.472597047486,4.029249361870427,81.6077307893568
206,Konanakunte,Bengaluru,2024,6186.100084279407,5.801291980262438,99.21769711252988
207,RBI layout,Bengaluru,2021,11178.707310492875,8.12042720529449,114.15287515054897
207,RBI layout,Bengaluru,2022,9762.30831555885,9.148583983686958,126.58864284780904
207,RBI layout,Bengaluru,2023,16767.647217696125,7.701714019185703,115.72086111264616
207,RBI layout,Bengaluru,2024,13412.991088000948,7.986498558093709,112.17162276102295
224,Hosa Road,Bengaluru,2021,15161.639701739536,7.12039315246839,103.38667625748855
224,Hosa Road,Bengaluru,2022,10858.490540123941,7.040326152239884,90.81101424149072
224,Hosa Road,Bengaluru,2023,8114.094362297916,7.493620599747233,130.3220567835937
224,Hosa Road,Bengaluru,2024,8627.472159564884,7.317784425941871,120.28362250257979
208,Anjanapura,Bengaluru,2021,12617.936973013593,6.261449487466667,104.02751522610772
208,Anjanapura,Bengaluru,2022,14098.749485216504,7.998039281838891,93.6471191510442
208,Anjanapura,Bengaluru,2023,8133.998847974157,7.2583233020883045,102.71114388800285
208,Anjanapura,Bengaluru,2024,16722.171213369285,7.263839683451749,123.25866520712711
209,Gottigere,Bengaluru,2021,7029.345135056155,7.933784113456653,109.9649710923388
209,Gottigere,Bengaluru,2022,18561.038657757683,9.331421862541083,121.28090002977754
209,Gottigere,Bengaluru,2023,15167.439150736747,8.388380897606499,106.79355425386137
209,Gottigere,Bengaluru,2024,11777.301140091828,8.419019801580081,98.78265107676103
212,Naganathapura,Bengaluru,2021,7841.321738185779,6.618622751864217,105.4677646726638
212,Naganathapura,Bengaluru,2022,18262.845565921925,7.456554191966525,111.60697728867562
212,Naganathapura,Bengaluru,2023,13513.390334248477,6.714934310371302,125.35818682022261
212,Naganathapura,Bengaluru,2024,13814.936379267436,6.566724310094504,116.38764947815298
220,Gharebhavipalya,Bengaluru,2021,9865.288485798625,5.684850506134516,73.04768500396985
220,Gharebhavipalya,Bengaluru,2022,15252.380660440525,3.990580035411824,70.01696312430089
220,Gharebhavipalya,Bengaluru,2023,14664.601893616174,4.460685527702494,76.80209405152743
220,Gharebhavipalya,Bengaluru,2024,12059.380096387302,4.375929875396956,63.25770327011306
222,Ibluru,Bengaluru,2021,15317.340513252588,8.842269682085206,109.25471304879312
222,Ibluru,Bengaluru,2022,17419.631268447563,6.6425413338228685,108.73391421303695
222,Ibluru,Bengaluru,2023,15283.208289670361,8.00677984603417,114.0328004904186
222,Ibluru,Bengaluru,2024,8145.188587907197,8.134850264869199,109.6472527887125
7,Thanisandra,Bengaluru,2021,16853.02948658811,6.232024899969391,125.77327298997952
7,Thanisandra,Bengaluru,2022,16315.13414130135,6.151842035209671,98.61974277509132
7,Thanisandra,Bengaluru,2023,15884.849330667794,6.9974345441336245,100.43747141807147
7,Thanisandra,Bengaluru,2024,16370.33807191934,6.74700570043152,111.64600784132588
62,Sanjaya Nagar,Bengaluru,2021,13749.063572901045,6.488233683154475,130.10666933546406
62,Sanjaya Nagar,Bengaluru,2022,15176.567083033584,8.101695737436673,119.44062506622788
62,Sanjaya Nagar,Bengaluru,2023,16876.76363515263,7.617473860796515,121.62072483412042
62,Sanjaya Nagar,Bengaluru,2024,6753.427736865026,7.646780037557,100.53650185985795
11,Kodigehalli,Bengaluru,2021,10358.189138069672,7.131192751930126,92.96349438185669
11,Kodigehalli,Bengaluru,2022,7930.846693104423,9.126840771769244,102.71228467972608
11,Kodigehalli,Bengaluru,2023,10331.384907988057,7.824111712710051,107.1774512354783
11,Kodigehalli,Bengaluru,2024,10578.829748464239,8.453546728021953,138.88010235926737
9,Hebbal Kempapura,Bengaluru,2021,14211.400519192557,4.476036850365973,61.287028056747104
9,Hebbal Kempapura,Bengaluru,2022,16648.043529908136,5.584658027872141,81.36422003048008
9,Hebbal Kempapura,Bengaluru,2023,14336.046392636104,4.787671913858654,79.30328002203613
9,Hebbal Kempapura,Bengaluru,2024,11817.341839558527,4.796574476596113,57.394563340922545
100,Garudachar Palya,Bengaluru,2021,8819.166357998642,4.1780356489489865,55.80340924139955
100,Garudachar Palya,Bengaluru,2022,12038.512639467328,3.4456723963102647,83.30830455601402
100,Garudachar Palya,Bengaluru,2023,7002.372830348902,4.461589530092068,63.37409030640886
100,Garudachar Palya,Bengaluru,2024,11313.322861997489,3.8842816412175822,72.94661162292066
90,Ramamurthy Nagar,Bengaluru,2021,15827.490676522619,5.4943028916999825,64.73815860542034
90,Ramamurthy Nagar,Bengaluru,2022,6393.36285846777,3.9730535279418575,91.68590685851828
90,Ramamurthy Nagar,Bengaluru,2023,5790.315090880304,3.7937020003644286,72.59247295590292
90,Ramamurthy Nagar,Bengaluru,2024,12509.481716688393,5.40245899919216,64.21160934293762
136,Govindaraja Nagar,Bengaluru,2021,10379.5623667308,5.881851706991,98.62655026307513
136,Govindaraja Nagar,Bengaluru,2022,14274.616945933269,5.375192474550252,86.70965538967909
136,Govindaraja Nagar,Bengaluru,2023,12923.478496620552,6.330429857858973,85.20709894836332
136,Govindaraja Nagar,Bengaluru,2024,18168.646098673573,6.146985288556706,76.16125727983015
88,Kalkere,Bengaluru,2021,14732.686236482023,7.3422630360930885,110.02377634704094
88,Kalkere,Bengaluru,2022,8628.737706230731,7.919566805198035,94.61158106962057
88,Kalkere,Bengaluru,2023,8781.171099331608,7.862096104022469,118.55538867592699
88,Kalkere,Bengaluru,2024,11103.486306253068,7.333093994132618,98.86692058495561
145,Vijayanagar,Bengaluru,2021,8809.783237306174,8.25685729255471,103.71210540110161
145,Vijayanagar,Bengaluru,2022,16703.630624562342,7.390276115272542,117.17658928610237
145,Vijayanagar,Bengaluru,2023,8218.887287903275,7.407152136931909,117.65630643075976
145,Vijayanagar,Bengaluru,2024,14091.953332552957,9.190301742483935,109.19822719413861
118,Sampangiram Nagar,Bengaluru,2021,6267.196586583623,4.811723210227308,66.16583533944943
118,Sampangiram Nagar,Bengaluru,2022,12366.36935923416,3.9063408717619454,48.63315509881103
118,Sampangiram Nagar,Bengaluru,2023,12272.849492906056,4.200118595395536,53.740292945902716
118,Sampangiram Nagar,Bengaluru,2024,9911.886556752368,4.483954205220315,60.72672826040775
119,Shivaji Nagar,Bengaluru,2021,7093.199529000316,6.838536371282872,106.07365915720197
119,Shivaji Nagar,Bengaluru,2022,8161.762191437951,6.930106720014459,97.09389441119762
119,Shivaji Nagar,Bengaluru,2023,10584.820161165952,5.3874098109753366,84.64414625686294
119,Shivaji Nagar,Bengaluru,2024,16855.156888968384,5.928162854510807,99.8189955152088
59,Subramanya Nagar,Bengaluru,2021,13714.977772043927,6.85580523063928,68.73461602544052
59,Subramanya Nagar,Bengaluru,2022,7191.37268764645,6.315876451809373,96.75646203103976
59,Subramanya Nagar,Bengaluru,2023,10534.12929940845,5.3886060878220405,82.0699552863401
59,Subramanya Nagar,Bengaluru,2024,10951.856665831005,5.086597441229336,66.68465472503601
58,Kadu Malleshwar Ward,Bengaluru,2021,9046.110015174998,4.1942334043981,53.321054372325676
58,Kadu Malleshwar Ward,Bengaluru,2022,11147.394612707367,4.366480264405749,55.252939342628636
58,Kadu Malleshwar Ward,Bengaluru,2023,16202.647725032173,4.567389326331748,71.45582805732238
58,Kadu Malleshwar Ward,Bengaluru,2024,9675.366523852357,4.779422702833611,75.42158472221618
172,Agaram,Bengaluru,2021,13689.738885865805,4.610286507369058,75.0801568219103
172,Agaram,Bengaluru,2022,13195.163308898775,4.011018665760157,64.87720162331101
172,Agaram,Bengaluru,2023,7717.482239795809,3.7014147172018457,51.174081142651744
172,Agaram,Bengaluru,2024,7134.910753953698,4.733271550215368,65.19361664921364
129,Dayananda Nagar,Bengaluru,2021,15108.055836844986,5.597951661254465,85.52803387543403
129,Dayananda Nagar,Bengaluru,2022,11649.712699915632,5.105486057393449,92.52030825601307
129,Dayananda Nagar,Bengaluru,2023,11531.095861301692,4.675116432754616,73.64623223602658
129,Dayananda Nagar,Bengaluru,2024,6749.511031744943,5.774110861299639,58.15099583535029
5,Kogilu,Bengaluru,2021,17524.366406323054,8.469838941060141,121.36308228759279
5,Kogilu,Bengaluru,2022,14025.580939663596,9.10152766091793,129.16569630350642
5,Kogilu,Bengaluru,2023,12079.936375986692,7.461474048229113,105.29718823291402
5,Kogilu,Bengaluru,2024,11983.011257789514,7.521664298649904,106.82818737902478
202,Uttarahalli,Bengaluru,2021,7728.544125210483,4.794003589929498,93.21623668220468
202,Uttarahalli,Bengaluru,2022,14562.18177524598,5.7576216125234225,90.51534607424674
202,Uttarahalli,Bengaluru,2023,7278.320719332241,6.0011392078872365,58.339457203812515
202,Uttarahalli,Bengaluru,2024,10834.954071993552,5.813641470122489,95.0730684135417
147,Hampi Nagar,Bengaluru,2021,14321.991860036173,6.997370121921157,97.21583709675875
147,Hampi Nagar,Bengaluru,2022,12453.569686588238,6.58730744532458,85.38523115821829
147,Hampi Nagar,Bengaluru,2023,8456.953133549567,6.001680590747656,98.73604892922404
147,Hampi Nagar,Bengaluru,2024,17784.475087080828,7.43645040671497,93.42962362342072
153,Padarayanapura,Bengaluru,2021,16226.04675962909,6.718743077805435,85.91333605936654
153,Padarayanapura,Bengaluru,2022,18109.825757678922,7.1440066003471365,129.2275249373688
153,Padarayanapura,Bengaluru,2023,16301.815263541319,7.009359492011125,110.21795619131927
153,Padarayanapura,Bengaluru,2024,18111.49810727307,6.799603426554957,133.23245427479986
146,Hosahalli,Bengaluru,2021,16201.144143550264,6.166265667838755,65.164702035664
146,Hosahalli,Bengaluru,2022,15689.902146677046,4.41246125711888,89.36379968869433
146,Hosahalli,Bengaluru,2023,15797.374009370045,5.063634427127605,95.19592257159348
146,Hosahalli,Bengaluru,2024,14627.320219083893,5.056524787324134,102.93425427365123
187,Sarakki,Bengaluru,2021,10239.515997242655,7.801165907585844,137.17126386980914
187,Sarakki,Bengaluru,2022,13591.993624674758,9.00592759996069,112.74942785528802
187,Sarakki,Bengaluru,2023,13490.64859607851,8.587070578411666,126.30562789158587
187,Sarakki,Bengaluru,2024,12172.136453129395,7.657520399874006,147.43493749746074
184,Jayanagar East,Bengaluru,2021,10206.369016793238,8.823332903213041,110.10514472128688
184,Jayanagar East,Bengaluru,2022,11431.765659063032,8.608876644547012,120.6853618227901
184,Jayanagar East,Bengaluru,2023,15850.379544925609,7.294229746901344,114.62746446221308
184,Jayanagar East,Bengaluru,2024,13148.127560228044,7.239554575305502,100.52462506954018
176,Adugodi,Bengaluru,2021,8283.666306323006,4.731502087372764,80.18766166709835
176,Adugodi,Bengaluru,2022,13450.466710870565,4.066601514314438,49.55586592751986
176,Adugodi,Bengaluru,2023,11369.742111147232,5.864805773326667,93.60032139631932
176,Adugodi,Bengaluru,2024,14286.422100021171,6.12905499901391,72.98596395663532
174,Koramangala,Bengaluru,2021,6048.774197210818,5.097162386147244,86.9046115420132
174,Koramangala,Bengaluru,2022,11031.456101220701,5.527767855157378,78.6920926462153
174,Koramangala,Bengaluru,2023,6779.965917235031,6.866295006862711,109.95573230841703
174,Koramangala,Bengaluru,2024,7503.786597511817,5.631400956424024,82.4470861875699
173,Ejipura,Bengaluru,2021,8425.778019786922,5.743347039140175,59.92311496086807
173,Ejipura,Bengaluru,2022,16767.22450424188,5.051217751097199,101.63139578930443
173,Ejipura,Bengaluru,2023,12371.45252771766,6.449959963045718,71.56854481851508
173,Ejipura,Bengaluru,2024,13253.32835569722,5.396325485113884,60.247976631831364
213,Jaraganahalli,Bengaluru,2021,16936.57134983726,5.0316461765099305,55.498424860176456
213,Jaraganahalli,Bengaluru,2022,15029.897540282695,5.440068941033372,65.470727390599
213,Jaraganahalli,Bengaluru,2023,7197.484613600199,5.8529799188558504,68.02971392101051
213,Jaraganahalli,Bengaluru,2024,9624.360679219242,6.555140920075601,103.23379777358073
214,Puttenahalli,Bengaluru,2021,7511.076660277882,4.013552131989292,48.707353949685796
214,Puttenahalli,Bengaluru,2022,7400.789218001513,3.5032697542538545,64.97789669675564
214,Puttenahalli,Bengaluru,2023,5371.699256474038,4.736909453696412,47.63261930717113
214,Puttenahalli,Bengaluru,2024,6943.978088891767,3.988240774598788,45.348910684007585
215,Bilekhalli,Bengaluru,2021,17383.223087021877,5.720535739525696,116.6024329869649
215,Bilekhalli,Bengaluru,2022,12617.077657967466,7.336398695620189,82.83175780727683
215,Bilekhalli,Bengaluru,2023,17643.998111307003,5.770956227381254,115.3194743493672
215,Bilekhalli,Bengaluru,2024,15417.34588357999,7.1758257570551764,121.85479130313891
216,Hulimavu,Bengaluru,2021,17255.213493937463,6.528803875445449,93.1149215387893
216,Hulimavu,Bengaluru,2022,15692.72714532808,6.855360262175018,108.9964686429658
216,Hulimavu,Bengaluru,2023,11174.03921839303,6.949468673240327,111.41894684189971
216,Hulimavu,Bengaluru,2024,12766.257542913292,6.336512605875552,107.74051930342745
217,Kodichikkanahalli,Bengaluru,2021,16453.477375063332,3.5195411161671672,70.22317342375574
217,Kodichikkanahalli,Bengaluru,2022,6560.778102716909,4.108960107368737,80.28937611810528
217,Kodichikkanahalli,Bengaluru,2023,11576.742719089729,2.9395212470371757,38.33144357171841
217,Kodichikkanahalli,Bengaluru,2024,9042.092792641677,4.34103175538124,62.783296665114854
219,Hongasandra,Bengaluru,2021,10424.813066311799,4.5392550644502405,98.9184840139462
219,Hongasandra,Bengaluru,2022,7795.4842082679515,5.9364395348441334,71.21036859929174
219,Hongasandra,Bengaluru,2023,6090.0957168373525,4.515255170764264,87.06102012629408
219,Hongasandra,Bengaluru,2024,16699.97074648084,5.195465946927832,92.24672049378702
218,Bommanahalli,Bengaluru,2021,13830.391283418026,7.632593009708387,101.5989677882441
218,Bommanahalli,Bengaluru,2022,16240.434541688663,7.52029034453648,117.40487847453036
218,Bommanahalli,Bengaluru,2023,11102.76705328842,7.562960194015031,130.18455617129823
218,Bommanahalli,Bengaluru,2024,12305.856488948619,7.501620990849202,135.33048557360064
2,Chowdeswari Ward,Bengaluru,2021,14272.980287456012,4.971125007733566,65.93684469283926
2,Chowdeswari Ward,Bengaluru,2022,11127.586576030717,4.5642794635717445,61.855674514431634
2,Chowdeswari Ward,Bengaluru,2023,6230.4658731058535,5.608354318219902,70.76194248438586
2,Chowdeswari Ward,Bengaluru,2024,12263.78946643349,5.359133900786393,58.5547307725292
4,Yelahanka Satellite Town,Bengaluru,2021,15263.540346929836,3.344159468902314,43.94203835606594
4,Yelahanka Satellite Town,Bengaluru,2022,8993.615818407528,4.257860535951639,45.513043478865896
4,Yelahanka Satellite Town,Bengaluru,2023,12338.831063748981,3.9922471846396386,45.85701824948994
4,Yelahanka Satellite Town,Bengaluru,2024,9242.92165116143,4.423304227015212,78.67805823258368
1,Kempegowda Ward,Bengaluru,2021,10432.895474962213,5.739627802079616,98.76123161426538
1,Kempegowda Ward,Bengaluru,2022,13515.849663720914,6.673022100590643,98.982186274861
1,Kempegowda Ward,Bengaluru,2023,10768.124686106383,6.148481065882412,106.19928930831301
1,Kempegowda Ward,Bengaluru,2024,17197.1055571976,6.8797410759052315,116.70182886087164
65,Manorayanapalya,Bengaluru,2021,14747.377293375892,9.048623848605198,121.48089104520076
65,Manorayanapalya,Bengaluru,2022,9430.298934460834,7.628101403892661,118.22147819114338
65,Manorayanapalya,Bengaluru,2023,17975.110632819495,8.555499495201111,133.51103993872562
65,Manorayanapalya,Bengaluru,2024,16028.146615922302,8.098859815295388,138.9273400489673
10,Byatarayanapura,Bengaluru,2021,14949.08715159896,5.883817581693667,76.81192365880402
10,Byatarayanapura,Bengaluru,2022,9413.211195073818,4.928257023763326,96.18969466962866
10,Byatarayanapura,Bengaluru,2023,16220.501862457982,5.857750428316309,93.37836112105427
10,Byatarayanapura,Bengaluru,2024,10719.83514438967,5.665278617241615,58.89332082518541
14,Kuvempu Nagar,Bengaluru,2021,11433.28616973094,6.723642405153457,89.135307931903
14,Kuvempu Nagar,Bengaluru,2022,14704.171951878603,6.748616303383137,116.02548136392885
14,Kuvempu Nagar,Bengaluru,2023,18216.052842908743,6.944616082772336,81.8610096072112
14,Kuvempu Nagar,Bengaluru,2024,11955.330123794738,6.949237336158754,122.62705500561339
13,Vidyaranyapura,Bengaluru,2021,7526.245194025381,7.174498505214736,132.0377258094967
13,Vidyaranyapura,Bengaluru,2022,18400.646377977086,7.3113340820939445,129.1538060809562
13,Vidyaranyapura,Bengaluru,2023,10294.26453722375,7.021657221545595,110.22186058575303
13,Vidyaranyapura,Bengaluru,2024,18711.15708946526,7.650589086409795,103.34671750649838
12,Dodda Bommasandra,Bengaluru,2021,6687.634419316382,4.412927240311457,93.42029518667523
12,Dodda Bommasandra,Bengaluru,2022,11257.560236368088,4.8534756960194985,65.14094820418276
12,Dodda Bommasandra,Bengaluru,2023,10781.711934258708,5.031969364282974,56.348785802309706
12,Dodda Bommasandra,Bengaluru,2024,16675.34645628217,5.058878206298904,71.5880591540087
8,Amrutahalli,Bengaluru,2021,10260.119244071026,7.756950148538815,113.9625972532155
8,Amrutahalli,Bengaluru,2022,11802.746230825367,6.865919033853541,128.28540999822192
8,Amrutahalli,Bengaluru,2023,10662.256331693725,6.805018516828858,101.05207639084588
8,Amrutahalli,Bengaluru,2024,18202.86938577233,8.167018287254018,87.9956845943223
64,Vishwanath Nagenahalli,Bengaluru,2021,9296.416513043601,4.720957509820433,74.4819035575136
64,Vishwanath Nagenahalli,Bengaluru,2022,13085.567171760915,5.7598912948243255,81.15269966170241
64,Vishwanath Nagenahalli,Bengaluru,2023,14956.966906788208,5.469859291579796,89.50793325241095
64,Vishwanath Nagenahalli,Bengaluru,2024,12580.610142087531,5.094518236230815,72.99545189926559
46,Rajiv Nagar,Bengaluru,2021,14123.29316374995,7.307403159695608,88.53472025981907
46,Rajiv Nagar,Bengaluru,2022,16843.990550342587,6.747505688129826,123.86063404497676
46,Rajiv Nagar,Bengaluru,2023,9392.18462570517,7.364510351205009,98.1691904758144
46,Rajiv Nagar,Bengaluru,2024,10508.01978029388,8.228386704815208,98.32508091630795
6,Jakkuru,Bengaluru,2021,10680.16716056643,7.2525161244070375,92.96101886700761
6,Jakkuru,Bengaluru,2022,11669.81177919562,6.648556439128999,91.9307649108884
6,Jakkuru,Bengaluru,2023,14586.181654118502,7.894110225203619,92.28348776523681
6,Jakkuru,Bengaluru,2024,11731.43781244328,6.607263708559995,107.00582911688144
91,K R Puram,Bengaluru,2021,12601.900032447209,5.3961303082559935,112.32743281522761
91,K R Puram,Bengaluru,2022,10418.46134181014,5.616085538225157,78.79327326010198
91,K R Puram,Bengaluru,2023,9352.486345794758,7.254816564048396,114.98853863722172
91,K R Puram,Bengaluru,2024,6939.322458063596,6.972367698618394,112.37821042679073
92,Basavanapura,Bengaluru,2021,15043.458788762133,3.627524335987356,65.03125489834868
92,Basavanapura,Bengaluru,2022,12416.293262184216,4.092873445722893,73.21914460188259
92,Basavanapura,Bengaluru,2023,12362.462043328964,4.134126703024617,83.651953657435
92,Basavanapura,Bengaluru,2024,9120.475692966209,4.933914544883908,77.85707746558883
99,Byrathi,Bengaluru,2021,17132.73758898725,7.448890511749642,103.63581312384474
99,Byrathi,Bengaluru,2022,16995.138456938836,7.178909471069019,131.91170368951776
99,Byrathi,Bengaluru,2023,12138.282447768299,8.129029381827417,115.66957604475236
99,Byrathi,Bengaluru,2024,8521.943957357798,7.642372228242405,96.776480015829
97,Kadugodi,Bengaluru,2021,13422.975434905271,5.877016377784026,85.8363126344073
97,Kadugodi,Bengaluru,2022,16825.18791336587,4.243583063376511,55.00073955530938
97,Kadugodi,Bengaluru,2023,9868.486859793114,6.223833923520428,92.7741128143725
97,Kadugodi,Bengaluru,2024,16007.134206743525,5.4682855146310265,79.17860951940419
72,Devara Jeevanahalli,Bengaluru,2021,13459.13230106675,6.264976445751126,60.14404320205817
72,Devara Jeevanahalli,Bengaluru,2022,11173.031805827773,6.145453016479486,77.08811789722715
72,Devara Jeevanahalli,Bengaluru,2023,5989.881109845009,4.24822428760478,64.52264476667739
72,Devara Jeevanahalli,Bengaluru,2024,8873.66952156759,5.0320213363105335,78.68255395782732
73,S K Garden,Bengaluru,2021,10388.031433519793,3.2496590803529197,66.98529800548263
73,S K Garden,Bengaluru,2022,15596.841524552212,3.2967301912255467,69.82630352307929
73,S K Garden,Bengaluru,2023,5548.529884388017,4.027809386343392,45.06221353752217
73,S K Garden,Bengaluru,2024,7502.689627331358,4.403305081517463,60.81603449391411
38,Laxmidevi Nagar,Bengaluru,2021,13046.868542301416,5.7157477472614815,75.27386410157902
38,Laxmidevi Nagar,Bengaluru,2022,13997.055920164008,6.631991710870408,97.9103568923446
38,Laxmidevi Nagar,Bengaluru,2023,14484.236077979844,7.223142501386393,108.98200134133288
38,Laxmidevi Nagar,Bengaluru,2024,13928.229427829432,7.943083519051865,111.0398955596688
40,Chowdeshwari Nagar,Bengaluru,2021,14350.618146441524,7.7370561725098845,125.00814713419905
40,Chowdeshwari Nagar,Bengaluru,2022,9256.199988843913,7.7791438250921505,81.9520861415063
40,Chowdeshwari Nagar,Bengaluru,2023,8281.07990558612,7.8730803393297855,92.67830333669912
40,Chowdeshwari Nagar,Bengaluru,2024,11973.143637242934,6.660725813616941,92.47873210902344
39,Laggere,Bengaluru,2021,15973.537737804174,4.9482958344388,50.35295665085903
39,Laggere,Bengaluru,2022,10354.765722506949,4.631962258162005,39.76133978972055
39,Laggere,Bengaluru,2023,6516.1054534659625,4.8740004258764715,58.87681422355549
39,Laggere,Bengaluru,2024,7000.977325425387,4.588745526432084,43.82609154848896
47,Dr. Puneet Rajkumar,Bengaluru,2021,13908.883259831686,7.371092663775923,94.35515767933235
47,Dr. Puneet Rajkumar,Bengaluru,2022,7998.654515101351,5.1485329724097095,89.05830715281598
47,Dr. Puneet Rajkumar,Bengaluru,2023,7532.447811276831,6.844783548888796,119.04094115345373
47,Dr. Puneet Rajkumar,Bengaluru,2024,15438.114478663092,7.4055103148077865,93.50427376235548
49,Nagapura,Bengaluru,2021,8943.670978891148,6.3369092710261485,67.19627110773041
49,Nagapura,Bengaluru,2022,13236.759795094098,5.6977965749637915,91.41904811798793
49,Nagapura,Bengaluru,2023,5535.617376025309,5.311334702825911,58.05632175551696
49,Nagapura,Bengaluru,2024,17299.781323092964,4.968055433305388,95.81739636168598
48,Mahalakshmipuram,Bengaluru,2021,10252.623450153915,7.32484294516444,123.06634128920166
48,Mahalakshmipuram,Bengaluru,2022,13807.919420285081,6.046867752145652,111.7694988389237
48,Mahalakshmipuram,Bengaluru,2023,7854.257045690747,6.152515530243223,124.1695334264965
48,Mahalakshmipuram,Bengaluru,2024,8579.587541068537,7.841572982867932,104.6141463671235
50,Nalvadi Krishna Raja Wadiyar,Bengaluru,2021,15115.61358012102,4.920469302574322,50.369322210770584
50,Nalvadi Krishna Raja Wadiyar,Bengaluru,2022,10366.95340940022,5.309497660828497,75.04440930674107
50,Nalvadi Krishna Raja Wadiyar,Bengaluru,2023,9054.673844153673,3.616079788034614,44.684634390132636
50,Nalvadi Krishna Raja Wadiyar,Bengaluru,2024,7121.860676144512,4.115715753529211,92.54896180980309
109,Benniganahalli,Bengaluru,2021,14925.737346436768,5.657784689208933,103.16466054399835
109,Benniganahalli,Bengaluru,2022,14062.32233654871,7.516351936052977,93.76455624928553
109,Benniganahalli,Bengaluru,2023,9170.657322573526,7.27041497873185,100.71091053084476
109,Benniganahalli,Bengaluru,2024,16227.828424079973,6.953507472611718,130.84436972323482
110,C V Raman Nagar,Bengaluru,2021,16823.825362294985,6.128837660095852,89.25218436738817
110,C V Raman Nagar,Bengaluru,2022,6977.61128325587,6.48024390091551,85.12322613199348
110,C V Raman Nagar,Bengaluru,2023,14456.693331416842,5.7570114929366785,100.45827025872916
110,C V Raman Nagar,Bengaluru,2024,7143.404734400597,5.693777022653959,66.17807575014947
194,Chikkalsandra,Bengaluru,2021,14714.554332123755,8.030691593889621,136.87818858432797
194,Chikkalsandra,Bengaluru,2022,15520.578988205714,7.765007465246834,121.50747510911856
194,Chikkalsandra,Bengaluru,2023,18551.00106996695,7.4053615472157865,109.0682981617768
194,Chikkalsandra,Bengaluru,2024,16509.42666783069,7.73386909519782,98.6719616200498
221,HSR Layout,Bengaluru,2021,10171.847020583526,3.8248561122665485,76.5416395259694
221,HSR Layout,Bengaluru,2022,16770.91856805437,4.87892262056747,88.22257935530482
221,HSR Layout,Bengaluru,2023,6070.511301878663,5.527000518802719,60.706696638509285
221,HSR Layout,Bengaluru,2024,6851.120183632884,4.343915778007139,67.44196372906558
223,Mangammanapalya,Bengaluru,2021,11039.162278692373,5.182529963840409,95.18420623522704
223,Mangammanapalya,Bengaluru,2022,13545.966710907342,4.6781928946173315,91.30608910732317
223,Mangammanapalya,Bengaluru,2023,13125.58732389647,5.9519740685409595,83.1980048855858
223,Mangammanapalya,Bengaluru,2024,7233.646619472605,5.895384390493579,93.62195561156318
211,Begur,Bengaluru,2021,6367.423772661858,4.650041559637477,49.88948591710404
211,Begur,Bengaluru,2022,14603.630716882697,5.022858447692574,47.400511167076246
211,Begur,Bengaluru,2023,12245.063700175582,4.522724953187934,51.77053347203504
211,Begur,Bengaluru,2024,14844.371340535843,3.9928250471690987,46.80483325357452
178,Suddagunte Palya,Bengaluru,2021,12961.47228867654,8.624320057288068,149.22182991958124
178,Suddagunte Palya,Bengaluru,2022,9935.763413367644,8.845003775402851,137.20887595091276
178,Suddagunte Palya,Bengaluru,2023,9253.849655888986,8.428041898433968,119.35819518343501
178,Suddagunte Palya,Bengaluru,2024,12428.53011198547,7.735969560629022,100.90907737083162
210,Kalena Agrahara,Bengaluru,2021,15718.326029913807,8.168241962909805,115.32338172343697
210,Kalena Agrahara,Bengaluru,2022,7361.937696007031,7.307042869531725,124.45158163758289
210,Kalena Agrahara,Bengaluru,2023,8669.93037376545,7.696962507933252,141.3564574532236
210,Kalena Agrahara,Bengaluru,2024,17892.705691910734,7.612607129804619,95.5854329490218
181,BTM Layout,Bengaluru,2021,6227.0660605491785,4.745046932139166,87.19137245450142
181,BTM Layout,Bengaluru,2022,7202.36309525957,3.7822201133171065,94.09148109890909
181,BTM Layout,Bengaluru,2023,10398.690596150884,4.697354507422943,85.71513531758319
181,BTM Layout,Bengaluru,2024,15194.885469218443,5.868735204185662,97.49111912090646
180,Someswara Temple Ward,Bengaluru,2021,6922.898347591732,6.662567432504052,99.00256092772898
180,Someswara Temple Ward,Bengaluru,2022,8123.850259739258,5.907529265825407,76.95371997370611
180,Someswara Temple Ward,Bengaluru,2023,7056.668098614289,6.269057592473894,95.8203763480546
180,Someswara Temple Ward,Bengaluru,2024,13045.188884316909,5.717761371358362,104.84449752732425
179,Madivala,Bengaluru,2021,6937.938581321316,6.743694213440657,102.07148363746043
179,Madivala,Bengaluru,2022,16383.046744137388,8.556267605391538,110.57759471665172
179,Madivala,Bengaluru,2023,15496.851185159292,8.49883579983776,106.23803524438358
179,Madivala,Bengaluru,2024,11617.13809240031,8.42010636148742,120.46187204514897
185,J P Nagar,Bengaluru,2021,7865.768562970003,6.042658793063104,73.79375132741657
185,J P Nagar,Bengaluru,2022,7452.137718066574,6.111661161640471,79.78779257077593
185,J P Nagar,Bengaluru,2023,12962.496489395226,5.869354098387864,121.26619132748066
185,J P Nagar,Bengaluru,2024,17123.961930651003,5.930308849757855,108.03505100527158
135,Dr. Raj Kumar Agrahara Dasarahalli,Bengaluru,2021,14630.474400106941,6.066528799781388,100.49708039265212
135,Dr. Raj Kumar Agrahara Dasarahalli,Bengaluru,2022,13419.772801000574,5.897183023499818,74.87243359074715
135,Dr. Raj Kumar Agrahara Dasarahalli,Bengaluru,2023,16383.917726649011,7.219500573935659,85.39960004336893
135,Dr. Raj Kumar Agrahara Dasarahalli,Bengaluru,2024,6979.665162379625,7.347147058335679,77.64651593723461
137,Marenahalli,Bengaluru,2021,15491.287736636843,5.319479675903226,83.93897268667004
137,Marenahalli,Bengaluru,2022,17174.584608657187,5.675365754342939,86.87719246117784
137,Marenahalli,Bengaluru,2023,9722.513496560408,4.32612168248952,70.63281674080156
137,Marenahalli,Bengaluru,2024,9924.156456290868,5.120708785420302,61.59194796216934
196,Gavi Gangadhareshwara,Bengaluru,2021,13229.77280553594,4.1144707379887056,59.461670194219515
196,Gavi Gangadhareshwara,Bengaluru,2022,12511.436537455464,3.7434475112349874,82.3296192375085
196,Gavi Gangadhareshwara,Bengaluru,2023,10814.433534145744,4.51997068790962,60.10114213264799
196,Gavi Gangadhareshwara,Bengaluru,2024,7004.675071791895,3.0468047040679473,69.34824879180388
140,Maruthi Mandir ward,Bengaluru,2021,11876.205630901206,7.6488299971475415,106.29367861180219
140,Maruthi Mandir ward,Bengaluru,2022,7255.621891289698,7.157888771659038,135.7585858710986
140,Maruthi Mandir ward,Bengaluru,2023,7832.141915901622,8.948242822153569,142.67937771573963
140,Maruthi Mandir ward,Bengaluru,2024,13046.231459308208,7.483686525386076,118.68914179205268
142,Chandralayout,Bengaluru,2021,16086.746570999523,8.710108597715955,118.45781609034596
142,Chandralayout,Bengaluru,2022,12705.122780087186,9.31522065048685,143.2350105127361
142,Chandralayout,Bengaluru,2023,16092.12257411449,8.294888823955377,133.6243968954544
142,Chandralayout,Bengaluru,2024,15333.149957593854,9.22656758500839,113.6843323294095
143,Nayandahalli,Bengaluru,2021,12760.761794922611,6.638419965741061,125.27221653902403
143,Nayandahalli,Bengaluru,2022,11271.4533906265,6.385209474815749,102.6950950599776
143,Nayandahalli,Bengaluru,2023,11865.032142229955,7.788241510682603,109.19579139642643
143,Nayandahalli,Bengaluru,2024,16832.55378104284,7.400989434523912,109.59608812993717
134,Kamakshipalya,Bengaluru,2021,8996.751682676764,6.090131525443403,85.90890821010183
134,Kamakshipalya,Bengaluru,2022,6286.552717623379,5.492349369980047,54.66196128375175
134,Kamakshipalya,Bengaluru,2023,13173.807994157927,6.259514368757818,106.01804820554902
134,Kamakshipalya,Bengaluru,2024,15453.26551177023,4.513513213811211,74.59820860225791
198,Dodda Ganapati,Bengaluru,2021,13333.63899818965,5.20304492277501,57.57679640737601
198,Dodda Ganapati,Bengaluru,2022,13130.115491582492,6.468303378660808,109.71544967517008
198,Dodda Ganapati,Bengaluru,2023,10869.432385785934,5.7990869419502005,61.26115634173697
198,Dodda Ganapati,Bengaluru,2024,10355.111002178832,5.993724689335832,77.74376437587894
199,Vidyapeeta ward,Bengaluru,2021,7413.513616684042,6.236198511003181,114.51079413414827
199,Vidyapeeta ward,Bengaluru,2022,16933.342942326253,8.117373114198264,132.29764328540608
199,Vidyapeeta ward,Bengaluru,2023,9490.916346968677,7.582840771304084,101.46882324954716
199,Vidyapeeta ward,Bengaluru,2024,10873.701451006624,7.563678240040253,90.58980891221901
200,Swamy Vivekananda,Bengaluru,2021,15221.090811134227,8.487852611966701,143.75257977005236
200,Swamy Vivekananda,Bengaluru,2022,13150.545602355607,8.345152268886027,131.19281572681348
200,Swamy Vivekananda,Bengaluru,2023,13839.408165292076,7.741385593218908,114.47193908749517
200,Swamy Vivekananda,Bengaluru,2024,9654.565026461074,8.067503714292917,122.76801935968544
201,Katriguppe,Bengaluru,2021,11545.257533400256,7.183039301893697,120.69332839446878
201,Katriguppe,Bengaluru,2022,17996.527224808917,8.036360276247029,96.44599041993081
201,Katriguppe,Bengaluru,2023,14911.13612316559,7.503555387613787,119.54005096543361
201,Katriguppe,Bengaluru,2024,11559.325203112343,7.843594630047814,98.24456703151833
197,Srinagar,Bengaluru,2021,13333.682239779888,8.3618375044949,107.71178491842352
197,Srinagar,Bengaluru,2022,18041.759394875953,7.3378900875448,127.90731925515462
197,Srinagar,Bengaluru,2023,9054.932895505513,8.056874415753944,121.65118256658216
197,Srinagar,Bengaluru,2024,16510.68313517495,7.384109208877551,120.85673073322785
186,Shakambari Nagar,Bengaluru,2021,14269.593184553163,7.176483506390757,107.09183828741202
186,Shakambari Nagar,Bengaluru,2022,15533.18001411357,7.192564315465468,96.41716586198082
186,Shakambari Nagar,Bengaluru,2023,14820.191710609455,7.172471074954086,125.51279522880708
186,Shakambari Nagar,Bengaluru,2024,9638.365532661865,6.425669488728982,125.14661825159767
183,Gurappanapalya,Bengaluru,2021,15821.718370966924,3.4691544006375032,53.815915877568216
183,Gurappanapalya,Bengaluru,2022,8273.88849959768,4.299420469615476,80.53118353339167
183,Gurappanapalya,Bengaluru,2023,12836.173366976134,3.2053023217891097,75.2717723544771
183,Gurappanapalya,Bengaluru,2024,11577.721841445842,4.840623371288132,53.09884624709062
182,Byrasandra,Bengaluru,2021,13092.356484181546,4.880328222655176,51.801118207584956
182,Byrasandra,Bengaluru,2022,10803.581627362757,5.2005760886449,59.50444680351529
182,Byrasandra,Bengaluru,2023,14029.446428906447,5.905136234066245,77.70814419531878
182,Byrasandra,Bengaluru,2024,14792.747519719102,5.765131731999218,71.94592808854289
131,Shivanagara,Bengaluru,2021,18348.035141772187,8.274183369359148,111.03042287805378
131,Shivanagara,Bengaluru,2022,18500.667192986846,8.270021006411028,112.8234471400368
131,Shivanagara,Bengaluru,2023,12498.979881763204,7.023573825380177,132.94000590155105
131,Shivanagara,Bengaluru,2024,10920.720154378563,8.896401504132369,108.90424240031588
132,Rajaji Nagar,Bengaluru,2021,9523.154914914818,5.318244961746661,92.46207501523641
132,Rajaji Nagar,Bengaluru,2022,16769.91066172015,5.71680740523277,86.16360025098363
132,Rajaji Nagar,Bengaluru,2023,15120.127753395109,5.7828669467792615,115.00890951458982
132,Rajaji Nagar,Bengaluru,2024,15092.056488717026,7.660906889305193,80.19872918806811
130,Sriramamandir,Bengaluru,2021,9989.812048192478,5.293572409719534,79.97120904243579
130,Sriramamandir,Bengaluru,2022,5614.338814388805,3.7930744169892288,48.225578922139306
130,Sriramamandir,Bengaluru,2023,8830.415440199266,3.0907086769759062,53.17470972344758
130,Sriramamandir,Bengaluru,2024,7755.7189733021805,4.405845690924351,37.71109102500212
133,Basaveshwara Nagar,Bengaluru,2021,8027.791497427275,5.608131847244323,82.77721569999667
133,Basaveshwara Nagar,Bengaluru,2022,11522.170944315149,4.162211841536497,58.62508414281476
133,Basaveshwara Nagar,Bengaluru,2023,16414.563681402058,5.683370794299276,57.67096670381234
133,Basaveshwara Nagar,Bengaluru,2024,12249.918591528618,3.365883044453584,43.19696355534614
190,Devagiri Temple Ward,Bengaluru,2021,13814.251476481732,6.011010539534708,117.77946698235681
190,Devagiri Temple Ward,Bengaluru,2022,12768.796904715642,7.580121562867283,107.43924837385578
190,Devagiri Temple Ward,Bengaluru,2023,13834.577123329113,6.574800396163226,87.4211384559967
190,Devagiri Temple Ward,Bengaluru,2024,15619.79120762943,7.537831334620105,99.45023100580377
205,Yelchenahalli,Bengaluru,2021,6657.12488048256,3.3720371754772027,54.37688033090522
205,Yelchenahalli,Bengaluru,2022,14696.874796251479,3.953927308010814,78.52564040960516
205,Yelchenahalli,Bengaluru,2023,7913.340205124305,3.166552567019798,49.376342466915155
205,Yelchenahalli,Bengaluru,2024,7194.338067926487,3.0370829267954242,67.21299246371515
98,Hudi,Bengaluru,2021,16432.427291971253,4.022729868306151,51.8590120361492
98,Hudi,Bengaluru,2022,13512.896788768103,3.6926528196582895,67.04649418739766
98,Hudi,Bengaluru,2023,9237.998159229917,4.502902582616862,54.635047570331125
98,Hudi,Bengaluru,2024,12290.844713247207,4.985837487662171,66.3006356180249
95,Vijnana Nagar,Bengaluru,2021,11727.564388148741,6.0056029883140845,88.77913827451096
95,Vijnana Nagar,Bengaluru,2022,12364.27873116157,6.615195046577512,83.33809929831337
95,Vijnana Nagar,Bengaluru,2023,14110.147457935207,7.276428856107481,101.93028462300943
95,Vijnana Nagar,Bengaluru,2024,15204.125338769658,5.837978031105614,101.17767446065399
103,White Field,Bengaluru,2021,16831.140772302835,7.983939492228789,90.86838281396757
103,White Field,Bengaluru,2022,9337.755136371972,6.7756323775341984,102.43281637986908
103,White Field,Bengaluru,2023,6814.047178439589,7.553922947273435,104.04178182307791
103,White Field,Bengaluru,2024,9295.082491380459,7.4627925280281335,114.00908980294884
111,Kaggadasanapura,Bengaluru,2021,9217.225184234958,6.143023369869444,113.3966250595536
111,Kaggadasanapura,Bengaluru,2022,13501.81790140229,6.225171382253832,108.82976076374152
111,Kaggadasanapura,Bengaluru,2023,13492.922879079615,6.007305428510617,125.7019978838431
111,Kaggadasanapura,Bengaluru,2024,15917.958993870221,6.9120532174120335,120.43424133362133
102,AECS Layout,Bengaluru,2021,7914.255302583071,5.196113063643967,57.83778051984498
102,AECS Layout,Bengaluru,2022,15130.022148274686,5.752799372360791,76.17089830122192
102,AECS Layout,Bengaluru,2023,6950.2640763253785,5.555402283784211,89.82974949046155
102,AECS Layout,Bengaluru,2024,13033.153638171254,4.178764890176639,76.5430100660429
112,New Tippasandara,Bengaluru,2021,10416.92838814203,6.786618436977317,87.40665457892595
112,New Tippasandara,Bengaluru,2022,10453.12194488788,7.335447251113431,111.3369987399725
112,New Tippasandara,Bengaluru,2023,16422.160851569486,5.972471680789485,120.9040803287863
112,New Tippasandara,Bengaluru,2024,9514.290112038538,6.221733687716939,118.7657159349459
107,Bellanduru,Bengaluru,2021,10213.791533299524,3.6909946690258923,58.03270840563344
107,Bellanduru,Bengaluru,2022,16269.007248543605,4.793134126486836,89.74723988928841
107,Bellanduru,Bengaluru,2023,9239.130945320318,4.758174536995211,87.42735586682363
107,Bellanduru,Bengaluru,2024,16158.634227565037,5.078078063562805,80.93024322434165
104,Varthuru,Bengaluru,2021,16998.396682604583,5.9286649470130275,67.04112501199258
104,Varthuru,Bengaluru,2022,17390.512887997433,6.191885607042923,72.62153550398752
104,Varthuru,Bengaluru,2023,14685.929068578804,5.3952164932624305,102.34200062052385
104,Varthuru,Bengaluru,2024,8836.608753694305,5.633669932696048,89.59755465218062
138,Kaveripura,Bengaluru,2021,18450.721599968223,7.067004056198693,123.92205673376503
138,Kaveripura,Bengaluru,2022,9552.029097740344,7.050706102704672,114.50960320375765
138,Kaveripura,Bengaluru,2023,12949.910969665785,7.966571006715623,111.31811271108018
138,Kaveripura,Bengaluru,2024,10946.024405663571,7.661089042068354,107.41356289923061
106,Marathahalli,Bengaluru,2021,10877.406082346119,6.59566417253935,80.95038910981322
106,Marathahalli,Bengaluru,2022,13397.973147668927,7.13064457921228,93.45473577180549
106,Marathahalli,Bengaluru,2023,17310.047254243138,8.01345959285346,125.62221068097286
106,Marathahalli,Bengaluru,2024,7250.530796273588,8.114051422476907,93.38182025577879
188,Yediyur,Bengaluru,2021,16765.82587823684,7.5424913232590205,116.78532103750595
188,Yediyur,Bengaluru,2022,9068.375596127195,7.466607417661327,124.84329626182961
188,Yediyur,Bengaluru,2023,7673.049152411237,8.840710471921584,140.65410499270726
188,Yediyur,Bengaluru,2024,16353.387248158522,7.806132861056949,107.98239554288875
105,Munekollal,Bengaluru,2021,13968.20998566147,5.921486851297714,92.95825211068114
105,Munekollal,Bengaluru,2022,13085.095579277513,6.343042787607562,114.11575604926269
105,Munekollal,Bengaluru,2023,17637.51915397739,5.79383259454999,103.20724145397443
105,Munekollal,Bengaluru,2024,8553.103869422474,7.746469137452718,90.53555582123022
189,Ganesh Mandir ward,Bengaluru,2021,6759.45682085314,6.273098664156608,104.44523722253835
189,Ganesh Mandir ward,Bengaluru,2022,10124.930417293384,7.637104486122084,95.45742537507793
189,Ganesh Mandir ward,Bengaluru,2023,9161.982847483692,5.552782634525295,118.32030704595627
189,Ganesh Mandir ward,Bengaluru,2024,8564.402125394698,6.554187956113141,107.97112306646908
191,Banashankari Temple ward,Bengaluru,2021,5844.8861278352215,3.9255158601193005,83.69854604053992
191,Banashankari Temple ward,Bengaluru,2022,11245.932856802494,4.498508091314547,64.36330988027316
191,Banashankari Temple ward,Bengaluru,2023,11050.196890922944,4.099212323514533,61.524986413029836
191,Banashankari Temple ward,Bengaluru,2024,13686.92253062801,3.8028788896394157,78.71087409305677
192,Kumaraswamy Layout,Bengaluru,2021,8073.215684127368,5.68978966622382,99.86052303782606
192,Kumaraswamy Layout,Bengaluru,2022,12355.545169725941,6.40400274169367,96.83153394070362
192,Kumaraswamy Layout,Bengaluru,2023,14027.995655197381,5.735127188126393,64.87759727978494
192,Kumaraswamy Layout,Bengaluru,2024,15463.179263432474,4.669617224008747,103.61627974201002
193,Padmanabha Nagar,Bengaluru,2021,6402.203601638546,4.786423218734028,58.722192007106884
193,Padmanabha Nagar,Bengaluru,2022,7800.595933519111,5.5288414188899315,76.46376810493658
193,Padmanabha Nagar,Bengaluru,2023,9302.394590859543,5.138897386075221,76.95890159725894
193,Padmanabha Nagar,Bengaluru,2024,11067.739513230617,4.047039896640356,82.76364814514193
